{
    "loss": 0.7269620299339294,
    "accuracy": 0.8706896305084229
}